CustomerID,Age,AnnualIncome_k,SpendingScore
1861,57,25,26
354,28,37,74
1334,26,87,71
906,45,55,55
1290,33,92,79
1274,20,96,88
939,44,52,44
1732,58,24,18
66,28,22,83
1324,31,90,82
57,23,31,80
1293,20,83,76
1119,46,50,52
585,57,89,7
375,27,25,77
276,26,27,79
747,57,80,18
129,22,26,76
1647,65,41,7
1853,66,32,22
675,64,78,20
1665,58,16,25
1982,61,24,28
1084,39,51,61
1923,60,17,36
100,21,16,67
1180,37,57,42
965,46,55,55
793,64,86,8
30,26,27,59
629,67,79,35
945,41,54,41
573,66,77,17
908,43,55,56
1081,46,52,48
451,68,81,25
1610,61,15,21
1291,30,101,94
1079,34,47,59
255,24,28,68
125,28,33,76
1928,67,23,24
252,26,23,76
586,65,92,20
1569,25,87,71
825,42,55,53
508,69,86,12
890,41,53,44
71,19,27,79
1609,59,19,19
1533,29,97,97
248,32,15,81
1451,30,86,75
213,25,16,74
910,40,58,48
1742,59,23,25
1245,26,82,82
1697,64,17,19
1183,44,50,52
362,26,28,75
1474,23,99,83
679,63,93,16
1622,59,15,19
1090,34,60,50
1988,61,26,14
1848,57,21,28
988,47,64,48
1513,26,88,89
112,25,23,80
1488,26,83,71
1454,26,76,78
384,19,30,82
1396,27,82,88
1055,41,52,62
756,62,78,4
325,32,19,76
1624,59,24,6
788,68,80,24
369,25,17,75
1820,65,15,20
70,24,19,77
858,39,55,63
1484,32,85,77
1556,19,83,77
1692,56,16,15
1475,22,90,83
1799,62,15,12
479,66,80,4
282,18,28,76
1648,64,28,12
1557,24,93,83
1730,66,25,8
211,28,18,69
298,23,19,81
1885,64,26,23
1834,61,28,12
652,67,86,19
1234,27,91,84
1503,21,83,69
1932,62,25,13
917,42,64,50
994,44,69,44
430,67,91,16
1371,26,94,81
240,22,28,82
880,40,57,49
621,64,72,20
257,26,19,79
612,73,73,26
545,60,89,14
772,64,83,18
1420,26,85,86
1042,41,54,52
1790,65,20,27
760,64,81,30
383,18,35,72
1104,46,61,43
974,42,51,47
353,22,18,79
1606,56,20,9
1826,51,18,21
1037,40,55,47
1108,30,55,55
495,66,77,20
394,26,27,83
1547,33,82,87
465,64,92,17
887,42,58,42
1194,39,47,55
367,22,25,95
1894,61,18,26
1874,60,19,18
745,70,82,25
530,67,85,27
803,43,60,49
1224,32,78,77
1979,55,16,14
1906,58,16,16
1700,60,24,5
1545,32,84,80
1314,28,91,76
307,23,19,68
1667,58,15,20
863,41,50,54
1567,24,90,75
531,57,84,20
655,70,87,27
1260,28,87,83
234,29,15,81
121,20,19,75
1698,67,21,15
950,43,62,45
618,68,90,19
1179,43,58,55
308,30,28,72
136,20,28,82
555,72,91,21
1674,57,25,15
584,64,79,12
1641,62,27,15
671,65,90,22
835,41,57,48
110,18,27,70
1165,39,51,61
1960,53,15,26
1465,21,83,99
1729,67,25,26
1243,27,87,81
212,19,26,88
1768,57,32,29
1121,42,57,46
680,71,75,6
1951,68,26,2
1839,55,23,17
412,63,83,32
1325,27,92,89
783,67,85,9
1346,26,76,82
875,38,55,38
1653,70,32,23
1279,25,85,87
786,58,83,15
1819,57,20,21
1199,44,61,39
808,40,43,54
713,68,88,29
1991,62,22,3
1660,61,23,19
1191,47,46,51
1226,36,82,87
603,64,83,20
271,22,29,76
1385,35,87,79
232,22,40,79
50,25,27,84
463,68,84,21
1106,41,55,63
856,42,64,54
694,60,72,17
1552,37,81,83
1873,69,24,19
527,66,79,35
174,20,19,82
721,59,78,22
415,54,80,31
238,24,18,74
1473,26,90,85
1336,26,84,84
1064,36,56,42
24,24,16,63
1767,60,18,14
64,27,15,78
290,24,22,76
189,19,26,75
702,62,91,13
1815,63,30,23
1138,41,61,49
355,29,35,82
417,57,102,19
1246,22,87,74
931,46,50,52
197,27,21,83
580,70,93,17
1135,41,51,55
1814,68,27,24
1935,59,24,6
434,65,84,17
101,23,33,80
1655,61,26,14
395,27,15,91
1939,59,25,19
221,24,22,80
1676,60,15,14
1498,35,84,81
1785,56,31,17
345,31,25,78
1028,47,46,55
889,47,52,49
1351,26,85,88
553,59,81,14
744,64,71,18
1542,26,94,81
539,75,80,22
907,48,61,55
1395,22,95,87
116,22,27,86
830,49,69,41
1938,63,15,23
809,32,56,59
1311,29,91,80
1005,46,53,41
306,20,19,82
1101,45,48,50
480,64,83,13
1424,27,80,87
1076,43,49,56
571,58,82,14
619,68,87,15
1898,71,25,29
1266,21,90,85
79,27,25,77
1912,61,22,19
33,22,24,70
1538,29,85,88
1034,42,57,52
1563,30,85,84
352,28,23,84
164,21,20,77
204,27,21,82
1054,38,54,57
1365,27,86,85
1967,54,30,12
496,68,87,25
1625,65,28,14
1966,59,25,26
1963,68,24,29
611,63,73,25
433,60,85,24
1492,22,78,84
219,24,21,75
1931,58,17,21
1466,23,85,88
631,63,89,23
1382,20,88,87
1302,24,89,89
60,28,24,82
299,18,19,84
1711,58,16,24
74,26,26,78
163,33,25,70
1275,22,80,77
1594,25,82,81
1434,24,96,73
1613,61,18,13
592,70,84,13
317,25,15,85
46,25,16,80
1720,65,23,21
1832,65,23,19
428,62,94,1
582,53,85,21
77,23,31,77
1917,65,22,18
1415,32,87,78
781,69,86,18
1920,64,16,15
1174,41,55,51
1320,29,83,69
938,35,63,55
31,33,18,80
1092,37,51,45
1616,52,17,15
1230,30,89,71
975,41,55,51
1085,36,52,58
515,67,78,23
1551,25,86,88
1568,23,86,89
1811,65,26,31
1574,34,98,86
45,25,22,78
1687,62,16,28
169,24,28,84
304,23,24,81
991,38,58,44
556,66,88,24
1925,59,21,9
608,67,84,23
1619,64,27,18
758,68,77,22
439,67,85,13
583,63,70,6
1519,28,82,84
528,58,81,16
343,25,18,63
1737,63,26,21
368,21,21,90
186,31,36,82
1117,42,50,55
1755,66,21,11
1426,26,90,84
301,31,31,85
1904,61,17,18
833,37,60,44
544,62,77,22
1601,62,23,29
351,26,25,79
1933,62,21,16
1511,33,89,84
979,47,51,45
176,25,16,70
483,56,81,11
1413,25,91,79
1611,62,24,24
124,30,23,73
600,59,82,14
1795,63,23,11
1746,69,17,24
1379,27,75,78
1186,42,46,66
486,66,88,25
332,27,25,76
789,61,80,27
195,20,17,77
638,53,83,19
472,70,75,10
1714,57,20,35
323,29,15,72
1197,44,47,49
267,25,15,70
1544,30,85,81
1804,63,22,25
68,23,36,75
1738,55,27,22
1593,26,81,87
1564,26,84,93
481,69,75,22
1757,62,15,12
1913,62,15,22
1441,22,88,92
1461,23,89,70
888,45,55,59
423,66,89,20
1675,57,18,15
1450,24,96,80
765,61,80,37
520,69,76,25
1432,36,92,71
614,70,84,32
1531,23,99,80
1783,55,17,9
1659,59,15,18
454,66,82,40
731,67,74,13
535,66,81,14
966,38,45,43
1285,23,94,82
1740,58,28,25
262,23,24,88
536,72,90,17
969,34,67,54
241,21,16,71
820,32,60,59
693,62,78,28
421,64,88,20
1086,42,59,59
1999,59,23,19
366,30,15,71
1023,48,57,59
1241,21,88,84
589,66,86,34
737,67,84,39
1762,64,22,21
942,43,62,57
72,20,22,70
1408,28,93,91
260,19,23,81
52,27,27,74
199,24,26,78
1789,60,16,12
651,63,81,12
333,22,28,73
1360,20,90,73
594,66,83,20
1392,34,92,92
1801,60,20,14
1315,24,83,82
1112,44,62,42
1007,38,43,56
1327,28,94,80
427,67,70,23
1559,25,85,75
1294,22,80,75
591,62,75,25
1958,63,24,23
1977,70,24,15
1133,48,55,61
986,45,52,54
399,27,31,88
1512,37,88,78
437,65,74,16
193,23,35,90
1436,29,91,73
615,70,86,13
1494,23,95,76
577,67,76,23
987,42,56,51
1433,27,82,75
707,56,85,33
1259,24,91,77
142,21,20,84
1358,22,96,85
3,28,29,80
1222,25,90,87
1870,66,27,32
1623,67,30,22
340,27,15,78
1770,63,32,19
1537,32,88,76
484,68,92,21
266,29,15,77
377,24,18,72
742,68,85,18
1014,40,55,49
440,71,83,22
272,26,26,70
185,26,29,80
940,44,50,40
245,33,22,72
932,44,60,51
446,65,85,13
597,67,83,18
818,39,59,60
1273,30,87,94
1677,65,22,6
487,59,81,19
681,66,89,28
416,59,88,21
274,33,17,66
1472,23,81,78
1830,54,35,14
1455,28,83,83
251,23,36,69
414,62,85,19
1386,23,90,85
1308,30,95,74
716,65,66,22
311,29,24,88
927,41,59,56
382,30,24,83
1566,24,93,84
426,67,91,9
1875,66,23,9
533,68,83,17
753,62,74,19
766,62,87,30
1357,27,90,84
409,74,83,28
1615,62,25,23
695,63,83,28
1739,64,23,5
549,68,82,17
937,38,44,50
1390,26,100,78
1608,59,15,18
1940,63,15,22
1482,33,72,82
183,23,23,79
1941,61,22,5
1161,39,54,57
171,22,16,76
293,30,30,83
562,68,80,13
1457,23,77,75
1877,63,16,14
1652,61,30,7
850,45,60,53
273,24,20,76
1550,27,91,69
1035,46,61,43
1744,58,15,22
372,30,33,64
1670,62,17,21
722,54,91,28
734,60,92,19
778,69,86,15
519,59,88,21
335,25,26,76
846,52,48,54
1252,29,87,80
1053,47,49,65
1924,61,27,9
16,21,26,80
708,64,85,20
901,44,51,55
1980,59,28,8
1573,28,81,79
904,43,51,58
466,64,80,18
1978,67,19,14
200,24,15,83
1207,21,86,78
1056,39,48,46
1132,36,50,50
1380,20,83,87
999,34,59,38
728,64,78,30
1772,56,23,22
1910,64,24,27
1822,66,15,8
568,70,90,8
44,25,32,77
275,31,30,71
1097,43,62,59
102,30,30,78
1232,32,85,70
1722,65,15,23
1833,67,15,19
108,23,27,69
1618,61,29,17
498,62,99,14
1981,59,24,12
882,38,60,57
757,62,90,21
620,65,83,9
1107,43,59,50
1936,60,15,9
810,39,46,48
1038,41,54,52
73,21,23,83
1284,26,85,83
1272,30,87,76
1335,28,81,81
1459,26,97,77
482,56,78,22
1069,41,67,61
507,61,82,29
1238,33,87,87
1862,65,21,26
1990,57,16,14
1477,23,92,84
1867,53,26,15
1456,20,93,81
312,26,29,76
963,47,56,53
406,62,93,27
1331,25,94,88
1650,62,16,18
310,31,28,83
227,35,22,62
1858,60,29,17
711,65,80,25
1944,66,15,1
1384,33,102,91
1786,63,28,30
149,29,29,80
1555,28,81,94
1957,59,23,11
926,44,60,53
943,40,55,63
837,38,58,59
576,66,86,20
558,62,98,14
1236,22,88,87
1361,26,80,86
1348,31,99,90
1162,35,58,52
1443,29,81,88
287,26,29,68
1605,60,15,17
1058,38,52,45
599,67,81,18
933,42,62,38
1462,30,94,79
1638,57,24,26
1588,29,91,82
1041,44,62,65
1231,30,80,81
807,43,65,55
905,46,52,73
1680,57,33,23
1205,28,96,81
768,65,84,17
610,67,90,16
1993,63,27,19
1565,27,74,90
1423,27,107,82
1011,35,69,36
494,56,81,25
1321,28,84,74
278,20,27,97
1847,65,15,24
359,21,28,60
1111,41,56,55
237,18,23,84
552,67,81,25
1868,65,30,27
1813,56,18,22
209,21,15,83
1387,26,90,85
1561,33,90,83
59,21,26,64
632,61,85,12
1962,56,36,8
1860,62,27,27
1817,58,25,19
364,20,28,67
506,55,96,16
1166,39,57,63
1122,47,56,52
1630,54,20,31
1217,32,97,90
1152,40,49,43
1125,39,56,45
1595,30,81,89
119,31,30,87
1250,28,88,82
1994,64,24,15
523,64,81,14
514,66,84,21
82,22,33,84
916,39,66,58
1019,38,57,52
381,25,24,68
1030,41,56,57
1689,61,27,22
85,20,24,70
1678,64,19,20
330,22,18,63
7,25,24,77
746,64,74,13
1554,26,79,71
915,42,57,59
874,44,43,49
452,71,92,11
491,65,81,21
1481,26,96,93
288,25,33,67
949,35,59,55
1986,62,22,21
1369,31,87,86
1147,46,60,63
706,66,78,16
1727,66,34,6
1702,62,17,26
1629,67,24,22
1600,22,80,79
1539,28,88,87
1406,18,86,83
1651,60,21,20
328,24,29,77
443,71,70,33
775,59,76,17
1088,41,49,53
1221,29,89,90
1636,59,20,1
178,25,32,75
1323,31,82,81
705,64,88,22
87,23,20,86
1884,61,30,17
1948,58,27,11
458,64,74,7
1829,65,28,15
55,23,25,79
1502,30,94,78
644,70,76,26
678,59,95,33
222,25,25,80
114,19,24,73
983,41,53,65
1229,32,86,80
1000,46,52,48
175,19,26,71
782,64,81,25
590,61,91,23
1560,24,99,78
19,28,24,79
424,68,92,19
1344,30,85,75
286,23,22,75
1584,22,83,84
429,67,87,21
1510,22,73,85
1319,29,83,79
670,57,86,16
32,23,27,88
941,43,64,49
723,64,73,27
995,35,52,56
215,23,20,70
814,36,51,44
327,18,26,90
561,63,77,16
1113,41,64,47
701,62,81,16
1579,30,85,81
1190,40,46,48
342,26,32,61
630,67,83,21
148,24,18,57
1310,26,88,86
361,24,32,69
84,23,28,69
49,27,31,73
469,67,86,23
156,32,23,87
773,66,85,19
1240,22,86,75
1201,31,89,81
1403,27,91,81
1203,22,89,77
1631,56,27,4
501,65,78,21
1765,59,23,15
180,26,27,81
1048,39,58,58
1756,70,27,19
951,35,47,52
1317,31,94,87
1620,56,25,21
529,64,85,22
347,22,35,81
1388,28,85,92
1961,61,31,15
1051,37,60,40
1973,60,15,16
1442,27,82,77
602,63,87,18
1282,30,93,81
244,19,26,78
1337,26,96,75
1068,40,57,38
1476,29,85,91
313,31,18,69
436,61,91,25
1899,58,26,21
1329,29,86,77
309,27,23,87
431,62,77,29
661,68,88,3
371,25,35,69
567,60,77,39
980,47,68,50
182,25,18,67
1363,29,91,84
622,64,89,14
819,44,59,67
1193,38,55,64
953,40,53,57
1422,32,91,81
1841,62,21,13
923,41,47,53
1074,43,59,55
297,26,15,89
967,42,63,52
462,65,78,32
1303,25,83,72
1177,44,60,54
378,18,27,79
799,71,81,15
1103,45,59,56
106,24,21,92
127,30,33,76
1996,65,23,7
839,45,62,58
356,25,31,78
1617,69,17,17
683,65,82,27
813,35,52,56
1681,59,15,14
210,23,28,80
1493,18,82,83
141,26,15,79
1975,70,28,27
1340,26,89,86
1798,65,29,19
1575,25,93,80
1182,39,46,66
1394,30,81,79
1816,60,15,15
712,67,88,21
1794,59,17,25
893,45,54,48
860,34,49,49
11,28,16,76
1695,58,22,22
1428,28,99,87
283,28,32,81
811,38,51,52
1342,24,108,83
292,25,23,78
755,59,86,11
627,68,90,21
944,45,53,57
862,36,58,44
130,21,34,78
1176,52,44,38
324,28,16,76
1091,36,62,43
844,44,59,53
964,48,50,45
1865,60,16,13
866,38,47,54
922,49,56,49
696,60,81,26
216,29,17,70
1781,64,29,16
1262,29,94,81
159,23,17,77
1059,41,50,50
989,43,56,41
842,44,61,46
635,65,88,13
517,64,81,20
1429,28,83,77
1748,63,30,7
598,64,84,20
196,21,22,80
1784,69,24,14
870,42,58,46
411,68,86,11
97,19,15,73
1001,39,62,54
1506,37,88,86
157,25,20,74
420,70,80,23
1803,59,15,22
478,71,87,20
1856,61,25,16
669,59,82,7
1418,28,90,74
1872,61,19,35
1300,23,86,78
448,57,92,23
554,66,81,12
179,24,23,68
391,18,20,88
579,66,78,24
1478,29,86,87
1707,65,22,25
1288,29,77,74
1645,61,28,25
1024,42,50,45
821,34,45,61
1825,60,26,4
985,43,47,51
1339,25,81,74
665,68,86,23
143,18,26,81
1517,26,91,88
1430,23,93,74
865,39,48,48
422,70,85,14
637,63,86,19
1407,24,88,74
800,60,98,24
1404,29,100,85
616,61,82,20
295,24,20,73
924,34,51,57
1269,21,87,98
1903,66,15,16
89,26,19,60
42,27,26,78
1802,60,26,8
1934,56,22,17
132,19,19,81
1002,47,59,57
1158,43,53,54
1095,47,65,62
1855,62,17,12
1345,39,96,85
1499,25,98,89
165,28,30,77
725,63,84,3
291,23,26,73
1209,31,82,81
1589,32,78,95
1897,66,18,22
1642,57,17,4
1362,31,80,76
779,56,94,20
840,41,55,43
349,18,22,85
1945,55,21,26
572,68,85,12
918,47,65,47
977,38,50,56
1914,65,18,16
1469,29,94,94
1592,23,95,60
1318,29,93,80
1845,53,28,28
137,26,21,69
459,71,89,15
376,34,26,66
1343,21,89,69
334,20,23,87
1160,45,50,46
1761,59,18,34
1458,28,94,82
817,39,46,42
1115,41,56,54
1006,38,52,43
1857,60,15,23
1955,64,20,16
1851,63,20,25
911,39,52,48
1930,62,21,19
1126,40,58,62
329,20,18,76
1248,26,84,82
319,28,22,80
1690,66,32,11
1359,29,94,87
1733,68,23,27
168,26,21,72
13,25,20,79
1927,63,24,17
172,26,24,77
650,62,88,28
1062,39,56,42
261,24,15,76
1367,31,81,60
1549,27,90,74
902,42,46,66
673,64,81,24
259,24,32,78
845,45,51,55
868,47,64,51
1800,58,29,20
139,32,15,84
894,38,51,55
1838,58,21,12
550,64,90,20
320,20,18,71
1527,31,94,79
1806,55,28,15
1178,40,56,53
559,63,78,24
140,36,20,84
1735,60,28,15
532,60,84,36
225,25,27,63
724,64,91,20
787,55,86,8
1718,61,29,14
1008,41,61,63
410,66,82,24
326,27,33,76
1766,62,33,18
300,26,23,86
1263,26,84,89
1946,62,32,5
26,23,22,78
1859,62,25,25
715,58,92,23
1010,36,59,51
194,30,15,87
441,70,76,26
574,58,95,11
947,40,64,53
998,43,68,50
504,68,71,25
606,67,73,17
1717,55,26,17
1164,45,59,50
1787,63,15,21
847,40,51,46
4,28,22,80
1287,23,83,93
1223,24,79,72
468,67,85,19
322,24,31,78
6,19,23,85
223,25,26,80
1375,32,81,89
548,62,86,26
229,21,18,77
40,27,27,75
543,66,88,38
243,18,37,82
899,39,49,48
1134,40,51,54
1449,31,84,83
1869,59,24,21
843,38,58,53
1419,34,98,100
1654,54,30,22
1970,70,23,28
662,62,78,14
1211,30,90,91
315,28,23,78
692,64,80,27
1504,27,84,83
425,61,86,10
595,57,73,21
1964,62,15,17
623,66,92,20
1171,45,61,57
1044,38,52,49
228,32,33,78
1118,42,54,51
1332,30,83,84
1316,24,84,88
67,23,23,68
25,23,19,64
145,21,23,80
537,66,76,21
812,48,52,51
1467,29,83,91
86,26,23,80
1661,55,25,20
1646,65,22,4
1805,62,23,15
1818,59,27,16
1577,29,78,76
1145,46,52,50
363,28,29,76
1612,60,26,13
1866,63,24,6
1027,47,59,54
1031,42,54,40
1304,24,99,87
1356,26,84,93
1731,64,24,2
666,65,85,25
365,24,27,71
78,25,18,76
28,26,35,77
1437,30,89,59
526,68,85,21
1835,66,16,16
56,22,25,78
639,60,93,13
303,28,18,82
719,63,83,35
625,65,79,12
8,23,29,69
804,39,49,59
1050,51,63,51
337,22,29,78
48,25,23,83
1764,60,20,31
107,21,39,76
350,30,19,85
1080,43,61,52
239,20,28,83
214,23,27,66
1776,59,27,20
1139,51,58,58
794,62,90,22
1587,23,86,72
1583,26,90,76
1672,62,28,20
524,58,96,20
233,26,22,74
645,64,77,23
1508,23,100,79
534,66,76,22
1942,50,24,7
604,63,82,24
1330,28,82,92
1075,41,62,42
1305,30,85,77
61,18,26,71
1264,29,84,77
93,23,23,75
667,59,83,24
281,26,29,79
1114,37,59,59
360,24,27,68
1129,49,50,41
1170,45,47,57
848,40,51,42
1522,26,88,75
111,26,15,72
43,22,27,90
126,26,22,91
205,18,21,78
53,19,36,84
546,74,80,15
69,28,31,73
1741,63,23,23
1548,20,74,73
184,29,18,83
138,28,31,77
900,46,59,53
797,66,86,16
133,27,22,86
81,26,26,79
1987,64,18,16
1541,28,75,80
542,66,93,17
1669,70,26,13
984,43,56,47
166,21,29,68
249,36,25,71
447,63,84,24
1515,19,87,77
859,34,52,45
1212,24,89,81
98,21,22,71
1974,58,25,17
738,58,78,25
1256,29,90,99
103,23,20,76
435,66,86,20
75,25,28,64
1792,61,15,18
1235,27,83,95
919,44,48,59
1712,64,15,1
1671,57,27,14
1621,60,27,35
763,61,83,17
990,44,63,48
389,26,18,82
236,22,23,77
1507,21,89,84
268,26,27,81
1188,41,50,53
118,25,20,81
1607,69,15,16
674,55,77,26
250,20,22,81
1453,22,90,84
1995,67,24,11
95,18,23,75
34,21,15,75
1464,34,93,77
1668,60,15,16
449,64,83,20
717,62,81,17
1810,63,25,10
1518,25,84,79
1,26,23,72
1376,24,84,84
1102,37,51,61
1109,43,47,55
1227,28,84,83
83,23,25,70
1289,38,85,84
677,73,89,11
1921,62,26,16
1047,48,57,49
771,65,83,12
1947,68,32,23
1281,25,94,83
1581,29,99,79
1489,26,87,80
405,62,83,10
1728,63,17,14
1299,23,90,83
1341,21,87,89
105,21,15,73
689,66,75,26
1306,27,92,93
827,50,66,45
63,25,15,77
853,44,63,42
1354,31,82,84
224,20,21,82
146,23,24,75
1089,47,55,52
374,28,33,71
1421,31,97,74
1143,38,53,50
1827,61,17,24
1495,30,88,81
1602,64,19,27
1271,29,86,84
10,21,17,79
450,58,80,12
709,72,82,29
256,28,26,88
883,42,59,48
390,19,24,77
909,45,47,44
925,49,50,58
1704,62,29,18
1233,25,91,85
461,68,99,9
1270,28,74,76
1760,58,21,1
1169,45,49,55
959,47,56,44
502,56,82,7
740,71,80,25
1850,66,22,17
869,44,55,49
732,66,82,9
540,64,85,28
1202,37,93,78
698,60,87,14
1393,26,91,83
1377,24,90,75
1146,46,57,47
1032,38,58,61
373,28,26,77
668,59,89,18
1526,31,85,89
358,26,30,88
968,43,50,50
784,62,83,16
736,61,94,20
1036,46,57,55
971,51,61,50
1525,28,82,83
1487,24,83,73
1524,30,88,79
1491,23,85,89
1643,55,26,22
1253,31,90,72
1694,58,36,28
1750,65,21,17
1237,26,101,79
886,41,56,59
80,23,40,77
1173,41,60,54
815,46,55,59
1286,29,87,77
672,69,81,12
1532,31,80,79
58,30,19,80
134,24,27,89
1141,38,53,53
934,42,61,49
1685,63,23,11
824,40,48,39
1215,20,89,80
505,63,86,18
1775,60,22,35
348,27,28,75
387,26,25,75
1025,39,53,71
895,46,51,47
829,41,45,56
1893,56,20,31
476,65,75,10
1471,28,80,64
1448,38,91,76
1582,26,89,90
653,64,83,24
173,23,26,79
1150,44,56,55
39,21,21,90
714,57,67,20
91,27,31,72
1937,63,16,10
1206,31,86,90
876,42,41,44
1352,25,96,77
1890,70,17,16
1094,40,50,53
1156,37,50,50
1782,62,17,7
1959,59,18,7
500,61,86,30
339,29,15,77
1189,39,52,46
29,26,16,86
1218,25,93,84
1400,27,89,95
1821,58,27,15
946,40,56,50
170,24,26,78
1405,31,96,81
1198,40,53,48
1254,30,84,84
1614,61,19,28
913,42,54,50
492,63,75,24
954,33,39,46
1098,42,51,59
1033,41,47,49
588,60,75,16
751,58,85,24
658,65,91,21
235,22,23,74
733,68,79,21
1989,62,20,19
1633,57,18,1
1157,44,71,50
1470,30,86,76
1425,26,83,94
1628,61,20,1
935,41,50,52
1210,27,94,70
1066,42,55,66
109,28,21,78
1543,24,87,81
569,69,79,14
1168,49,51,43
1175,40,59,47
891,45,50,50
948,50,57,53
1049,43,60,48
1353,27,90,77
1778,64,20,19
1447,27,89,81
885,41,54,46
1673,56,18,18
851,39,54,60
735,73,76,16
718,70,91,22
455,62,83,22
265,26,24,73
76,27,22,64
1658,59,15,15
445,69,76,10
396,25,24,91
177,31,33,85
1043,38,49,52
1736,59,15,4
1402,25,76,82
1381,29,95,79
596,72,83,7
62,23,19,67
1297,25,91,78
873,43,48,50
1490,25,90,77
1879,65,27,26
279,29,27,73
37,24,21,75
1976,61,21,18
663,61,93,20
1954,67,18,20
1445,28,89,81
978,38,54,50
1572,28,84,63
739,61,80,27
192,24,26,88
920,35,60,57
457,68,87,16
676,64,74,1
761,63,85,30
1808,63,22,16
1603,61,16,22
729,56,90,21
413,64,84,24
1099,43,67,50
826,46,54,47
1640,63,20,22
617,73,88,20
115,25,29,84
418,56,74,15
1911,61,24,29
970,43,54,52
605,62,85,27
1919,59,26,21
90,26,28,66
849,45,59,58
1520,29,106,83
1918,61,30,18
754,63,81,21
499,60,74,7
1277,23,72,83
1326,33,87,73
12,28,15,73
397,28,30,69
285,20,22,78
1067,40,56,61
1192,41,50,61
1745,61,21,21
691,62,91,23
1753,61,27,25
1876,62,15,25
690,65,88,8
852,40,63,51
160,20,19,80
896,50,47,56
1576,29,74,87
258,23,26,80
336,20,25,87
1880,59,16,26
1040,39,54,65
516,72,85,18
1349,25,87,82
1016,39,51,52
769,67,82,13
1747,67,15,5
762,65,81,13
1247,33,87,84
1204,33,101,92
1468,34,90,87
1984,73,15,22
522,62,76,20
23,29,21,69
357,25,19,78
1278,30,85,78
1313,27,84,90
1683,59,16,15
341,18,31,90
432,60,80,16
474,66,87,18
218,30,26,76
912,48,66,56
1228,24,91,72
1597,32,88,84
1012,45,52,37
1950,56,15,40
94,24,27,78
1009,45,53,55
1071,44,60,41
1093,41,60,50
1915,68,19,21
1309,27,96,75
697,66,75,38
1828,61,22,35
997,46,47,45
154,23,37,69
1100,38,58,56
1719,63,15,25
1998,57,17,29
790,63,76,19
581,69,89,34
704,66,84,16
1213,25,92,87
1296,24,77,72
1666,62,21,17
1261,28,89,84
488,64,86,16
560,63,85,14
1142,44,73,54
1120,37,47,56
802,45,60,60
513,62,88,26
634,58,87,31
1922,56,25,29
1788,63,20,11
1546,27,90,83
1151,43,56,46
791,59,87,6
117,25,29,88
741,63,77,30
1691,64,24,30
1082,41,48,58
831,35,49,48
120,24,34,64
657,74,83,22
1908,60,15,11
636,64,85,12
370,28,35,75
269,25,21,88
656,64,80,11
936,46,38,50
823,48,59,40
867,40,58,32
47,28,31,100
1374,30,83,85
1709,59,30,19
992,50,64,39
877,33,47,58
774,64,95,31
1220,26,88,91
2000,61,20,8
5,18,28,87
1004,42,45,59
1724,56,16,40
264,22,22,85
1570,23,92,93
1831,66,15,10
444,62,88,14
1003,41,66,47
1078,44,44,50
838,43,56,57
1791,55,31,25
305,24,31,70
1366,32,89,82
1558,31,85,87
314,26,24,76
150,25,28,52
1149,41,65,46
1214,26,98,76
575,64,91,22
51,26,24,75
1553,27,88,85
727,69,81,4
834,42,49,58
1378,29,90,64
1116,42,59,49
1167,34,49,57
471,71,84,17
972,44,54,41
654,63,89,3
400,22,25,70
512,68,71,23
321,28,24,81
20,24,33,70
685,68,72,23
36,29,21,71
903,46,61,58
1779,66,20,27
828,39,66,51
1854,59,15,7
408,61,86,12
921,41,50,40
538,67,83,25
759,68,83,28
1905,62,22,30
1063,40,69,42
1200,39,52,61
246,19,24,71
1417,27,95,62
1128,41,57,42
785,64,80,24
1743,60,22,22
490,68,90,23
155,24,24,73
962,42,54,36
854,38,56,58
1312,30,91,80
626,61,89,21
686,61,86,22
1562,33,90,100
570,68,101,15
1909,60,23,23
18,21,32,79
128,20,25,80
1347,21,88,63
1280,28,84,84
1969,66,21,18
928,40,56,52
981,38,54,53
1965,58,17,31
191,31,17,84
1140,47,66,46
993,43,54,46
1956,58,22,18
1657,56,24,4
607,66,87,16
181,30,15,81
302,18,23,82
497,58,82,26
1721,60,26,19
1710,61,26,12
1888,59,17,31
1992,64,23,24
518,66,81,20
1985,57,18,1
1070,39,49,58
477,62,90,19
158,28,18,93
1244,25,79,74
1196,44,61,69
17,26,31,75
1536,28,82,81
1073,40,45,59
1972,61,19,19
547,66,81,13
1540,33,86,81
659,72,87,27
1626,59,24,26
1020,48,42,60
1663,64,24,16
1505,21,88,87
960,47,66,53
1882,59,18,15
284,26,21,78
798,65,84,18
1627,60,22,20
226,25,21,75
27,27,29,78
1771,61,26,26
438,67,90,26
1949,62,24,25
1389,35,83,70
230,23,15,85
38,21,18,87
750,66,97,25
1046,41,52,49
1399,31,75,90
470,67,80,18
1693,57,24,16
1968,57,15,17
688,59,86,35
1844,54,21,21
640,69,79,17
1713,63,24,20
1219,29,86,84
1159,45,46,56
1416,25,96,93
1528,22,90,74
1656,66,15,16
1301,27,91,71
1823,60,20,19
801,40,53,47
1604,65,15,20
161,21,24,89
957,33,58,47
1187,42,49,44
822,40,56,52
1682,63,24,31
878,42,51,37
914,45,41,52
153,18,26,81
1871,60,20,19
1777,62,21,18
510,63,84,21
1136,40,48,42
1251,33,93,76
1684,60,27,11
104,27,15,89
1446,18,87,76
1444,35,83,81
587,69,91,19
1769,60,22,17
1144,34,56,54
54,23,37,78
152,20,28,81
404,64,76,21
1943,60,25,22
208,20,27,75
1895,64,26,18
1123,35,59,49
1891,63,20,23
9,24,15,75
1015,34,60,44
1907,65,18,18
1061,37,62,52
453,61,88,28
254,21,18,95
1328,30,86,83
897,41,60,55
1734,64,32,18
881,49,56,64
1596,25,89,75
1889,56,16,24
624,70,88,14
346,18,30,82
1703,62,27,22
263,25,19,74
1635,55,18,17
1322,30,92,84
1439,26,87,78
151,24,27,65
473,63,85,6
641,62,81,28
1983,61,31,16
1883,62,22,17
551,63,80,19
1780,59,27,13
929,46,46,47
489,73,84,15
1812,56,29,21
1172,44,59,57
147,22,26,80
1705,70,31,11
1929,63,20,22
403,66,92,23
955,43,42,49
1878,62,25,13
660,66,76,23
1373,29,88,84
464,63,95,22
1350,33,77,76
187,25,17,68
1148,40,54,59
1225,27,82,74
609,64,85,24
144,26,23,86
752,62,86,24
1535,29,91,79
982,45,64,54
198,23,29,78
1634,58,34,24
884,41,61,61
280,26,23,88
294,18,15,79
1824,57,21,16
401,59,84,16
123,25,33,78
1208,33,90,83
203,25,32,75
1463,23,85,85
836,38,54,55
247,20,28,74
1440,27,91,77
1754,54,17,26
1902,68,15,15
1708,58,20,21
1881,58,26,25
1154,42,54,40
1662,64,27,19
1427,31,90,78
385,18,25,77
1759,64,19,20
855,40,50,49
1590,24,97,86
220,22,33,82
642,66,85,14
2,20,26,70
113,22,25,81
699,67,82,16
1916,64,19,20
952,41,59,54
1649,59,23,6
1637,53,16,21
1886,67,26,28
1411,29,88,82
1410,29,85,78
1534,32,94,66
1292,27,88,75
1809,58,15,14
442,60,88,24
1521,29,83,62
1137,38,62,58
1716,62,28,16
1257,27,93,77
1864,61,21,21
1632,54,15,28
1696,61,30,33
1398,23,78,84
664,66,91,18
1836,56,17,4
1258,35,92,80
1774,51,18,25
1701,53,17,16
318,22,29,75
649,63,82,19
1435,33,95,84
1480,29,82,74
710,65,87,21
1383,24,79,83
1283,28,88,85
973,47,54,41
628,68,94,24
633,61,78,10
1307,27,73,87
1401,26,83,87
1409,27,94,74
1249,33,86,91
1953,62,25,5
1255,30,91,86
1497,22,86,87
1372,22,91,93
1530,24,77,79
1664,64,25,20
1355,27,83,94
1926,67,15,11
1901,58,19,18
1644,57,26,30
1849,61,29,21
796,66,87,11
646,66,72,15
1013,39,52,52
1840,57,24,8
557,63,95,22
682,67,93,20
578,65,86,23
1110,41,50,44
1267,28,83,81
1723,62,18,18
1184,46,58,51
525,65,91,19
1060,43,53,57
541,61,82,19
1195,46,54,49
1679,64,19,19
749,67,79,30
1852,62,16,25
1431,24,94,69
485,65,81,27
1758,53,21,16
96,19,30,85
1021,39,47,52
564,68,78,24
1265,27,89,88
743,65,77,5
864,37,73,63
1599,25,81,78
1715,66,21,7
1485,24,85,77
892,39,57,53
1578,26,87,72
1039,44,49,50
207,21,29,82
393,23,28,76
795,66,85,13
871,40,43,59
398,25,31,71
767,60,86,27
1842,58,15,16
1242,34,87,66
1029,38,49,65
1793,59,15,14
643,59,90,10
1892,63,15,29
613,58,86,29
1763,63,33,13
961,43,47,51
1571,21,78,83
726,69,77,23
684,66,85,21
99,26,15,81
805,38,49,55
1752,58,23,20
1598,27,85,87
407,62,88,19
503,67,85,15
1072,47,56,49
1057,43,52,53
930,39,53,50
780,66,87,19
201,26,28,77
135,19,15,80
1052,34,49,56
41,27,23,91
1018,45,61,58
231,19,34,86
1514,22,89,75
1797,60,24,33
379,31,25,80
289,23,22,82
419,60,86,24
1699,63,25,13
392,25,17,85
593,62,86,13
1523,23,79,81
1163,39,58,43
1087,34,48,57
1496,21,90,84
648,71,78,14
1153,35,57,59
1368,29,81,83
521,61,91,23
1863,58,15,10
65,27,18,73
1837,64,18,24
15,26,23,73
1181,48,49,56
1065,40,53,55
493,63,76,20
380,23,17,80
188,20,19,80
764,60,83,23
217,27,29,78
792,59,88,24
1077,48,54,37
879,45,50,46
338,26,29,78
1773,65,21,17
720,57,76,18
1749,61,25,12
296,25,20,86
1726,66,31,19
1017,41,51,52
1276,35,83,85
1751,66,18,20
1486,28,98,77
456,62,75,24
1997,62,20,19
816,47,51,55
1887,58,33,20
270,25,15,77
996,38,50,56
202,30,21,72
162,22,27,78
1580,31,80,82
730,67,89,26
402,63,91,15
703,70,88,1
1501,30,85,87
1846,67,17,23
1796,66,25,20
1130,36,57,51
566,66,84,28
1414,27,87,77
1022,39,64,51
1026,41,55,54
1412,26,89,95
1896,60,24,16
1586,25,85,71
1105,42,54,53
206,24,28,80
35,27,30,72
776,59,89,2
509,53,91,14
1452,25,85,88
1479,22,85,75
1971,64,27,21
1391,26,94,87
92,24,27,74
1364,30,79,80
898,33,55,51
565,63,78,24
1370,31,91,85
777,65,73,23
242,24,29,84
14,29,29,74
316,23,17,78
601,69,84,16
388,27,23,80
1298,27,92,66
167,28,24,76
841,42,53,59
21,24,25,74
647,74,85,8
1843,63,26,17
1509,23,90,76
1155,46,51,58
1529,22,91,84
832,46,60,62
1268,23,87,79
1591,29,89,69
1900,57,17,21
563,58,81,29
1952,61,21,22
687,68,78,24
958,45,55,48
190,31,34,74
1807,55,15,11
976,43,56,47
700,60,78,17
1500,29,86,82
1706,66,32,19
511,60,81,22
1083,45,56,58
475,62,83,20
1585,24,92,82
857,45,54,47
748,61,79,15
253,31,35,78
22,22,19,88
1338,34,89,84
460,63,85,12
1185,43,59,54
277,21,39,87
956,40,48,33
1216,31,87,75
386,21,26,68
806,35,55,49
1438,27,89,74
1516,27,87,93
344,26,15,74
770,58,89,25
1333,39,90,94
1686,60,24,5
131,23,22,78
1688,68,17,27
872,40,50,49
1124,42,58,40
1397,21,89,79
88,25,27,74
1483,29,92,77
331,31,27,71
1239,28,83,72
467,61,86,26
122,25,19,71
1639,66,17,20
1045,47,56,59
1725,56,22,19
1096,45,48,51
1131,37,59,62
1295,33,91,84
861,36,46,52
1460,29,85,75
1127,38,54,54
